{
  "player_build_data": [
    {
      "type": "il2cppData",
      "msg": {
        "build_event_id": "bc7b4ba2f7b6d4ce2a3f577ab138be76",
        "node_executed": true,
        "attribute_total_count_eager_static_constructor": 80,
        "attribute_total_count_set_option": 0,
        "attribute_total_count_generate_into_own_cpp_file": 0,
        "attribute_total_count_ignore_by_deep_profiler": 42,
        "extra_types_total_count": 0,
        "option_extra_types_file_count": 0,
        "option_debug_assembly_name_count": 0,
        "option_additional_cpp_count": 1,
        "option_emit_null_checks": true,
        "option_enable_stacktrace": false,
        "option_enable_deep_profiler": false,
        "option_enable_stats": false,
        "option_enable_array_bounds_check": true,
        "option_enable_divide_by_zero_check": false,
        "option_emit_comments": false,
        "option_disable_generic_sharing": false,
        "option_maximum_recursive_generic_depth": -1,
        "option_generic_virtual_method_iterations": -1,
        "option_code_generation_option": [
          "EnableInlining"
        ],
        "option_file_generation_option": [],
        "option_generics_option": [],
        "option_feature": [],
        "option_diagnostic_option": [],
        "option_convert_to_cpp": true,
        "option_compile_cpp": false,
        "option_development_mode": false,
        "option_enable_debugger": false,
        "option_generate_usym_file": false,
        "option_jobs": 8
      },
      "version": 1
    },
    {
      "type": "playerBuildTimingData",
      "msg": {
        "build_event_id": "bc7b4ba2f7b6d4ce2a3f577ab138be76",
        "build_player": 687230,
        "preprocess_player": 3189,
        "produce_player_script_assemblies": 14142,
        "build_scripts_dlls": 36,
        "writing_asset_files": 214671,
        "postprocess_built_player": 362408,
        "node_summary_table": [
          {
            "name": "Csc",
            "duration": 310
          },
          {
            "name": "Csc",
            "duration": 1662
          },
          {
            "name": "Csc",
            "duration": 342
          },
          {
            "name": "Csc",
            "duration": 271
          },
          {
            "name": "Csc",
            "duration": 2015
          },
          {
            "name": "Csc",
            "duration": 3307
          },
          {
            "name": "Csc",
            "duration": 428
          },
          {
            "name": "Csc",
            "duration": 487
          },
          {
            "name": "Csc",
            "duration": 1011
          },
          {
            "name": "Csc",
            "duration": 1011
          },
          {
            "name": "Csc",
            "duration": 171
          },
          {
            "name": "Csc",
            "duration": 5112
          },
          {
            "name": "Csc",
            "duration": 1475
          },
          {
            "name": "Csc",
            "duration": 128
          },
          {
            "name": "Csc",
            "duration": 309
          },
          {
            "name": "Csc",
            "duration": 270
          },
          {
            "name": "Csc",
            "duration": 243
          },
          {
            "name": "Csc",
            "duration": 2859
          },
          {
            "name": "Csc",
            "duration": 139
          },
          {
            "name": "Csc",
            "duration": 2015
          },
          {
            "name": "Csc",
            "duration": 310
          },
          {
            "name": "Csc",
            "duration": 1661
          },
          {
            "name": "Csc",
            "duration": 998
          },
          {
            "name": "Csc",
            "duration": 243
          },
          {
            "name": "Csc",
            "duration": 178
          },
          {
            "name": "Csc",
            "duration": 277
          },
          {
            "name": "UnityLinker.exe",
            "duration": 12485
          },
          {
            "name": "il2cpp.exe",
            "duration": 15508
          }
        ]
      },
      "version": 1
    },
    {
      "type": "unityLinkerData",
      "msg": {
        "build_event_id": "bc7b4ba2f7b6d4ce2a3f577ab138be76",
        "node_executed": true,
        "attribute_marked_count_always_link_assembly": 3,
        "attribute_swept_count_always_link_assembly": 0,
        "attribute_total_count_always_link_assembly": 3,
        "attribute_marked_count_preserve": 222,
        "attribute_total_count_preserve": 62,
        "attribute_total_count_preserve_body": 0,
        "attribute_marked_count_required_member": 14,
        "attribute_swept_count_required_member": 8,
        "attribute_total_count_required_member": 22,
        "attribute_marked_count_require_derived": 0,
        "attribute_swept_count_require_derived": 0,
        "attribute_total_count_require_derived": 0,
        "attribute_marked_count_require_implementors": 0,
        "attribute_swept_count_require_implementors": 0,
        "attribute_total_count_require_implementors": 0,
        "attribute_total_count_required_interface": 0,
        "attribute_marked_count_require_attribute_usages": 2,
        "attribute_total_count_require_attribute_usages": 1,
        "attribute_total_count_dynamic_dependency": 0,
        "attribute_marked_count_dynamic_dependency": 77,
        "attribute_swept_count_dynamic_dependency": -77,
        "assembly_counts_total_in": 105,
        "assembly_counts_link": 35,
        "assembly_counts_copy": 21,
        "assembly_counts_delete": 49,
        "assembly_counts_total_out": 56,
        "unresolved_stubbing_total_count": 0,
        "unresolved_stubbing_missing_interface_method_count": 0,
        "unresolved_stubbing_missing_abstract_class_method_count": 0,
        "unresolved_stubbing_missing_type_count": 0,
        "unresolved_stubbing_missing_method_count": 0,
        "unrecognized_reflection_access_total_count": 468,
        "unrecognized_reflection_access_core_count": 217,
        "unrecognized_reflection_access_unity_count": 251,
        "unrecognized_reflection_access_user_count": 0,
        "recognized_reflection_access_total_count": 61,
        "recognized_reflection_access_core_count": 40,
        "recognized_reflection_access_unity_count": 21,
        "recognized_reflection_access_user_count": 0,
        "link_xml_total_count": 11,
        "link_xml_embedded_count": 1,
        "link_xml_embedded_unity_count": 0,
        "link_xml_embedded_user_count": 0,
        "link_xml_file_count": 10,
        "link_xml_assembly_preserve_all_total_count": 0,
        "link_xml_assembly_preserve_all_unity_count": 0,
        "link_xml_assembly_preserve_all_core_count": 0,
        "link_xml_assembly_preserve_all_user_count": 0,
        "engine_module_total_in": 63,
        "engine_module_deleted": 37,
        "engine_module_total_out": 26,
        "option_rule_set": "Minimal",
        "option_enable_report": false,
        "option_enable_snapshot": false,
        "option_enable_engine_module_stripping": true,
        "option_unity_root_strategy": "AllNonEngineAndNonClassLibraries",
        "option_enable_ildump": false
      },
      "version": 1
    }
  ]
}